City_ID,City,Country,Lat,Lng,Max Temp,Humidity,Cloudiness,Wind Speed,Description
0,Vardo,NO,70.3705,31.1107,37.38,100,100,12.66,overcast clouds
1,Torbay,CA,47.6666,-52.7314,47.17,57,20,18.41,few clouds
2,Saint-Philippe,RE,-21.3585,55.7679,71.19,78,5,4.79,clear sky
3,Pachino,IT,36.7186,15.0907,60.26,67,0,3.02,clear sky
4,Vila Franca Do Campo,PT,37.7167,-25.4333,66.2,92,100,3.96,overcast clouds
5,Saldanha,ZA,-33.0117,17.9442,55.45,94,77,1.57,broken clouds
6,Hermanus,ZA,-34.4187,19.2345,61.81,81,100,15.01,overcast clouds
7,Papayal,PE,-4.0761,-80.7361,72.3,87,98,2.86,overcast clouds
8,Sayat,TM,38.7839,63.8803,58.87,31,15,11.65,few clouds
9,Myre,NO,69.1036,15.9492,43.34,92,100,9.84,light rain
10,Ilulissat,GL,69.2167,-51.1,24.82,54,13,0.0,few clouds
11,Victoria,HK,22.2855,114.1577,78.85,95,100,10.0,moderate rain
12,Castro,BR,-24.7911,-50.0119,59.4,89,100,1.9,light rain
13,Granja,BR,-3.1203,-40.8261,73.09,97,100,1.9,moderate rain
14,Oranjestad,AW,12.524,-70.027,82.35,78,20,21.85,few clouds
15,Yarmouth,US,41.7057,-70.2286,50.02,73,0,18.01,clear sky
16,Port Elizabeth,ZA,-33.918,25.5701,64.69,91,20,20.71,few clouds
17,San Cristobal,VE,7.7669,-72.225,73.58,99,100,3.69,overcast clouds
18,La Asuncion,VE,11.0333,-63.8628,80.33,74,74,20.71,broken clouds
19,Honningsvag,NO,70.9821,25.9704,37.15,87,100,9.22,overcast clouds
20,Ushuaia,AR,-54.8,-68.3,40.66,75,0,5.75,clear sky
21,La Tuque,CA,47.4334,-72.7824,71.85,18,96,2.3,overcast clouds
22,Bathurst,AU,-33.4166,149.5806,58.96,70,100,1.99,light rain
23,Iqaluit,CA,63.7506,-68.5145,29.93,100,100,19.57,light snow
24,Rocha,UY,-34.4833,-54.3333,57.56,91,100,5.37,overcast clouds
25,Havoysund,NO,70.9963,24.6622,37.63,94,100,12.57,overcast clouds
26,Ous,RU,60.9058,61.5186,48.65,76,100,4.9,overcast clouds
27,Busselton,AU,-33.65,115.3333,63.21,75,100,3.6,overcast clouds
28,Lardos,GR,36.0942,28.0157,60.94,84,4,12.03,clear sky
29,Vestmanna,FO,62.1564,-7.1664,43.72,100,75,5.75,broken clouds
30,Georgetown,MY,5.4112,100.3354,75.15,89,40,5.01,light rain
31,Bahir Dar,ET,11.5936,37.3908,70.14,62,91,3.71,overcast clouds
32,Cidreira,BR,-30.1811,-50.2056,63.61,95,100,1.3,moderate rain
33,Strangnas,SE,59.3774,17.0312,50.07,87,89,14.23,overcast clouds
34,Grand Gaube,MU,-20.0064,57.6608,75.38,80,39,12.88,scattered clouds
35,Souillac,MU,-20.5167,57.5167,71.98,94,20,4.61,few clouds
36,Coquimbo,CL,-29.9533,-71.3436,56.93,100,100,4.61,fog
37,Druzhba,UA,52.0428,33.9453,39.92,72,100,9.44,overcast clouds
38,Zhanakorgan,KZ,43.9098,67.2495,61.45,49,66,7.23,broken clouds
39,Saint-Louis,SN,16.3333,-15.0,87.44,48,0,11.41,clear sky
40,Mahebourg,MU,-20.4081,57.7,75.25,94,20,4.61,few clouds
41,Inhambane,MZ,-23.865,35.3833,65.84,90,0,5.41,clear sky
42,Balkhash,KZ,46.844,74.9804,62.33,70,0,16.71,clear sky
43,Jamestown,US,42.097,-79.2353,71.24,21,0,9.22,clear sky
44,Lagoa,PT,39.05,-27.9833,58.98,74,100,19.69,overcast clouds
45,Cape Town,ZA,-33.9258,18.4232,59.11,95,75,10.36,broken clouds
46,Roald,NO,62.5833,6.1333,49.12,81,100,13.8,light intensity drizzle
47,Elliot Lake,CA,46.3834,-82.6331,57.4,54,100,8.97,overcast clouds
48,Chuy,UY,-33.6971,-53.4616,59.56,92,100,7.14,moderate rain
49,Caraballeda,VE,10.6112,-66.8522,78.73,86,48,8.93,scattered clouds
50,Capelinha,BR,-17.6914,-42.5158,59.47,72,87,2.04,overcast clouds
51,Dikson,RU,73.5069,80.5464,28.47,95,100,28.23,snow
52,Ponta Do Sol,PT,32.6667,-17.1,69.12,48,0,5.06,clear sky
53,Klaksvik,FO,62.2266,-6.589,45.52,85,4,4.63,clear sky
54,Arraial Do Cabo,BR,-22.9661,-42.0278,73.63,77,98,8.9,overcast clouds
55,Nanortalik,GL,60.1432,-45.2371,35.47,85,87,5.23,overcast clouds
56,Hithadhoo,MV,-0.6,73.0833,84.07,74,91,15.41,overcast clouds
57,Rock Sound,BS,24.9,-76.2,74.84,65,3,11.12,clear sky
58,San Luis,AR,-33.295,-66.3356,60.89,53,97,14.18,overcast clouds
59,Salym,RU,60.0625,71.4789,52.16,67,100,5.75,overcast clouds
60,Grootfontein,NA,-19.5667,18.1167,44.17,76,0,2.3,clear sky
61,Kokstad,ZA,-30.5472,29.4241,50.04,66,100,5.17,overcast clouds
62,Maniitsoq,GL,65.4167,-52.9,24.49,79,55,10.49,broken clouds
63,Salalah,OM,17.0151,54.0924,80.69,61,0,3.44,clear sky
64,Canavieiras,BR,-15.675,-38.9472,71.17,85,78,4.52,broken clouds
65,East London,ZA,-33.0153,27.9116,69.24,39,90,7.11,overcast clouds
66,Port Alfred,ZA,-33.5906,26.891,65.17,80,12,10.0,few clouds
67,Santa Barbara,US,34.7333,-120.0343,58.44,38,0,18.41,clear sky
68,Laguna,US,38.421,-121.4238,64.06,38,0,9.22,clear sky
69,Kovdor,RU,67.5662,30.4758,40.71,94,100,5.44,overcast clouds
70,Maralal,KE,1.0968,36.698,57.72,85,14,4.61,few clouds
71,Jacqueville,CI,5.2052,-4.4146,82.08,83,100,11.97,overcast clouds
72,Constitucion,CL,-35.3333,-72.4167,56.68,72,100,8.88,overcast clouds
73,Manavgat,TR,36.7867,31.4431,63.41,54,0,2.01,clear sky
74,Mariestad,SE,58.7097,13.8237,48.67,92,41,16.75,scattered clouds
75,Qaanaaq,GL,77.484,-69.3632,13.87,73,0,6.13,clear sky
76,Kutum,SD,14.2,24.6667,77.54,11,100,7.23,overcast clouds
77,Sisimiut,GL,66.9395,-53.6735,23.72,72,30,8.84,scattered clouds
78,Mitu,CO,1.1983,-70.1733,73.11,98,95,0.27,overcast clouds
79,Dingle,PH,10.9995,122.6711,85.93,64,100,5.55,overcast clouds
80,Puerto Narino,CO,-3.7703,-70.3831,74.46,98,100,2.39,overcast clouds
81,Gat,IL,31.61,34.7642,68.4,51,30,4.18,scattered clouds
82,Eyl,SO,7.9803,49.8164,82.6,79,100,9.75,light rain
83,Bredasdorp,ZA,-34.5322,20.0403,60.12,75,100,13.76,overcast clouds
84,Thompson,CA,55.7435,-97.8558,60.96,41,100,6.91,overcast clouds
85,Gazli,UZ,40.1333,63.45,64.47,34,46,9.89,scattered clouds
86,Mao,ES,39.8885,4.2658,59.56,94,0,4.61,clear sky
87,Buchanan,LR,5.8808,-10.0467,78.39,88,100,5.77,moderate rain
88,Richards Bay,ZA,-28.783,32.0377,62.62,88,100,8.16,overcast clouds
89,Bereda,ES,43.2686,-7.5406,47.91,94,50,1.41,scattered clouds
90,Uthal,PK,25.8072,66.6219,81.1,80,0,4.47,clear sky
91,Jumla,NP,29.2747,82.1838,57.22,87,57,0.51,broken clouds
92,Sandwick,GB,60.0,-1.25,48.02,87,75,13.8,light rain
93,Olafsvik,IS,64.8945,-23.7142,35.02,95,100,26.89,light snow
94,Sao Filipe,CV,14.8961,-24.4956,72.36,82,6,7.05,clear sky
95,Valdivia,CL,-39.8142,-73.2459,41.09,82,100,2.59,overcast clouds
96,Upernavik,GL,72.7868,-56.1549,16.16,90,30,6.31,scattered clouds
97,Mushie,CD,-3.0167,16.9,72.7,95,83,3.11,broken clouds
98,Naqadeh,IR,36.9553,45.388,45.27,82,1,0.43,clear sky
99,Kiruna,SE,67.8557,20.2251,32.92,100,100,0.0,fog
100,Henties Bay,NA,-22.116,14.2845,61.14,74,91,6.17,overcast clouds
101,Mar Del Plata,AR,-38.0023,-57.5575,53.94,76,0,10.0,clear sky
102,Necochea,AR,-38.5473,-58.7368,49.41,75,20,5.37,few clouds
103,Buriti Alegre,BR,-18.14,-49.0403,65.37,63,21,3.67,few clouds
104,Bonthe,SL,7.5264,-12.505,80.06,88,100,5.03,light rain
105,Meiganga,CM,6.5167,14.3,67.26,91,100,2.82,overcast clouds
106,Chimbote,PE,-9.0853,-78.5783,63.1,86,5,6.46,clear sky
107,Quatre Cocos,MU,-20.2078,57.7625,75.09,79,85,10.07,overcast clouds
108,Cap Malheureux,MU,-19.9842,57.6142,75.47,80,34,13.0,scattered clouds
109,Kalaleh,IR,37.3807,55.4916,55.0,88,0,0.0,clear sky
110,Francisco Beltrao,BR,-26.0811,-53.055,59.95,99,90,1.36,overcast clouds
111,Punta Arenas,CL,-53.15,-70.9167,42.91,70,75,11.5,broken clouds
112,La Palma,US,33.8464,-118.0467,71.87,42,75,14.97,broken clouds
113,Nouakchott,MR,18.0858,-15.9785,75.13,79,13,12.19,few clouds
114,Mabaruma,GY,8.2,-59.7833,75.69,87,1,5.55,clear sky
115,Galle,LK,6.0367,80.217,82.06,84,100,19.91,overcast clouds
116,Ribeira Grande,PT,38.5167,-28.7,60.87,86,100,22.37,overcast clouds
117,Cururupu,BR,-1.8283,-44.8683,73.96,93,100,1.39,overcast clouds
118,Vila Velha,BR,-20.3297,-40.2925,71.55,88,20,5.75,few clouds
119,Porangatu,BR,-13.4408,-49.1486,73.4,52,58,2.68,broken clouds
120,Praia,CV,14.9215,-23.5087,72.14,78,0,6.91,clear sky
121,Puerto Leguizamo,CO,-0.1934,-74.7819,73.24,97,34,2.17,scattered clouds
122,Bambous Virieux,MU,-20.3428,57.7575,75.22,94,20,4.61,few clouds
123,Polovinnoye,RU,54.7914,65.9864,51.93,76,82,14.83,broken clouds
124,Cabinda,AO,-5.55,12.2,77.52,89,100,3.42,overcast clouds
125,Bom Jardim,BR,-7.7958,-35.5872,69.85,95,39,4.88,scattered clouds
126,Manali,IN,13.1667,80.2667,87.89,79,100,16.08,heavy intensity rain
127,Polunochnoye,RU,60.8697,60.4153,43.59,91,100,7.76,overcast clouds
128,Isilkul,RU,54.9109,71.2728,55.99,28,100,18.59,overcast clouds
129,Bubaque,GW,11.2833,-15.8333,77.72,73,100,19.35,overcast clouds
130,Karlskrona,SE,56.1616,15.5866,54.05,95,100,13.82,overcast clouds
131,Marawi,PH,7.9986,124.2928,77.94,77,93,0.98,overcast clouds
132,Sarmanovo,RU,55.2553,52.5891,50.68,97,100,8.14,light rain
133,Lasa,IT,46.6166,10.7002,56.28,72,97,2.06,overcast clouds
134,Krasnovishersk,RU,60.4078,57.082,49.26,75,100,5.06,overcast clouds
135,Okemos,US,42.7223,-84.4275,80.58,57,75,12.66,broken clouds
136,Baie-Saint-Paul,CA,47.4411,-70.4986,56.25,67,44,1.79,scattered clouds
137,Kudahuvadhoo,MV,2.6708,72.8944,84.4,76,99,17.63,overcast clouds
138,Zheleznodorozhnyy,RU,55.7503,38.0042,48.38,63,100,11.56,overcast clouds
139,Motril,ES,36.7507,-3.5179,66.27,73,0,3.6,clear sky
140,Stralsund,DE,54.3091,13.0818,55.02,96,100,7.99,overcast clouds
141,Sheksna,RU,59.21,38.5107,35.67,73,91,6.51,overcast clouds
142,Sinnamary,GF,5.3833,-52.95,77.34,87,29,9.4,scattered clouds
143,Kanelovskaya,RU,46.5908,39.19,44.35,83,99,6.13,overcast clouds
144,Cayenne,GF,4.9333,-52.3333,82.09,1,75,5.75,broken clouds
145,Zinder,NE,13.8072,8.9881,86.04,40,100,9.44,overcast clouds
146,Saint George,US,37.1041,-113.5841,72.63,9,0,11.5,clear sky
147,Menongue,AO,-14.6585,17.691,54.48,51,0,2.68,clear sky
148,Los Llanos De Aridane,ES,28.6585,-17.9182,65.12,55,20,5.99,few clouds
149,Sheffield,GB,53.383,-1.4659,55.2,73,100,3.0,overcast clouds
150,Husavik,IS,66.0449,-17.3389,31.64,96,100,11.59,snow
151,Tasiilaq,GL,65.6145,-37.6368,24.96,91,100,12.55,overcast clouds
152,Yataity Del Norte,PY,-24.8333,-56.35,60.33,98,6,3.36,clear sky
153,Saint Anthony,US,45.0205,-93.218,78.73,27,0,9.22,clear sky
154,Ornskoldsvik,SE,63.2909,18.7153,43.75,100,100,3.44,light intensity drizzle
155,Kishtwar,IN,33.3167,75.7667,62.42,59,0,4.63,clear sky
156,Lokosovo,RU,61.1333,74.8167,52.79,67,100,9.55,overcast clouds
157,Goias,BR,-15.5807,-49.6362,69.3,53,87,2.68,overcast clouds
158,Rafsanjan,IR,30.4067,55.9939,64.4,13,0,4.92,clear sky
159,Margate,GB,51.3813,1.3862,54.7,78,98,3.0,overcast clouds
160,Luau,AO,-10.7073,22.2247,62.69,67,1,5.06,clear sky
161,Camana,PE,-16.6228,-72.7111,65.48,86,0,5.68,clear sky
162,Sompeta,IN,18.9333,84.6,81.73,83,69,8.08,broken clouds
163,Kruisfontein,ZA,-34.0033,24.7314,58.32,74,0,15.14,clear sky
164,Georgiyevka,KZ,43.0369,74.7114,59.04,94,40,6.71,scattered clouds
165,Lebu,CL,-37.6167,-73.65,51.66,77,100,6.38,overcast clouds
166,Staritsa,RU,56.5075,34.9354,37.04,76,100,7.18,overcast clouds
167,Bandarbeyla,SO,9.4942,50.8122,81.52,81,9,3.78,clear sky
168,Quartucciu,IT,39.2519,9.1794,61.0,77,0,8.99,clear sky
169,Sur,OM,22.5667,59.5289,82.11,50,0,1.43,clear sky
170,Petrovsk,RU,52.3064,45.3917,36.16,91,100,13.56,overcast clouds
171,Rio Gallegos,AR,-51.6226,-69.2181,42.85,70,0,4.61,clear sky
172,Axim,GH,4.8699,-2.2405,80.24,86,100,7.45,overcast clouds
173,Shahi,IN,28.55,79.3167,84.11,43,0,7.0,clear sky
174,Kochubey,RU,44.3861,46.5825,50.88,58,69,7.72,broken clouds
175,San Miguel,SV,13.4833,-88.1833,80.65,81,11,2.46,few clouds
176,Touros,BR,-5.1989,-35.4608,76.98,86,55,8.3,broken clouds
177,Portobelo,PA,9.55,-79.65,80.74,83,100,3.8,overcast clouds
178,Bengkulu,ID,-3.8004,102.2655,77.81,84,100,3.24,overcast clouds
179,Luderitz,NA,-26.6481,15.1594,56.93,71,11,13.33,few clouds
180,Kharp,RU,66.8014,65.8081,22.86,83,85,3.36,overcast clouds
181,Laives,IT,46.4228,11.3348,61.99,75,90,1.99,overcast clouds
182,Cariamanga,EC,-4.3333,-79.55,54.61,95,99,1.7,light rain
183,Talnakh,RU,69.4865,88.3972,22.21,84,36,3.36,scattered clouds
184,Otavi,NA,-19.65,17.3333,57.47,31,0,0.83,clear sky
185,Kismayo,SO,-0.3582,42.5454,80.83,84,5,14.7,clear sky
186,Manfredonia,IT,41.6259,15.9094,55.87,88,0,4.61,clear sky
187,Fuerte Olimpo,PY,-21.0415,-57.8738,66.63,98,82,3.69,broken clouds
188,Fonte Boa,BR,-2.4959,-66.2662,74.43,96,99,2.42,overcast clouds
189,Barra Patuca,HN,15.8,-84.2833,79.92,81,8,11.07,clear sky
190,Taltal,CL,-25.4,-70.4833,61.11,80,28,3.24,scattered clouds
191,Pangnirtung,CA,66.1451,-65.7125,20.23,86,100,6.76,overcast clouds
192,Masyaf,SY,35.0653,36.3406,54.59,65,0,5.01,clear sky
193,Mehran,IR,33.1222,46.1646,75.38,20,0,10.0,clear sky
194,Lodwar,KE,3.1191,35.5973,85.37,44,7,13.4,clear sky
195,Millau,FR,44.0833,2.9167,57.33,84,74,2.98,broken clouds
196,Nicoya,CR,10.1483,-85.452,81.37,78,23,3.47,few clouds
197,Khorramshahr,IR,30.4397,48.1664,80.55,36,0,4.61,clear sky
198,Kavaratti,IN,10.5669,72.642,85.26,67,100,17.4,overcast clouds
199,Teguldet,RU,57.3064,88.1667,42.76,43,0,5.17,clear sky
200,Staryy Nadym,RU,65.6118,72.6842,31.96,88,26,4.85,scattered clouds
201,Vestmannaeyjar,IS,63.4427,-20.2734,42.82,73,100,10.18,overcast clouds
202,Codrington,AU,-38.2667,141.9667,63.3,61,99,4.54,overcast clouds
203,Igarka,RU,67.4667,86.5833,25.77,87,96,5.1,overcast clouds
204,Mahalingpur,IN,16.3833,75.1167,77.05,74,100,15.68,overcast clouds
205,Camapua,BR,-19.5314,-54.0439,72.07,45,14,0.92,few clouds
206,Hambantota,LK,6.1241,81.1185,79.14,100,20,8.05,few clouds
207,Qaqortoq,GL,60.7167,-46.0333,34.47,89,100,4.07,overcast clouds
208,Clyde River,CA,70.4692,-68.5914,19.63,79,0,5.75,clear sky
209,Tiznit,MA,29.5833,-9.5,72.68,26,100,0.83,overcast clouds
210,Kaka,TM,37.3482,59.6143,62.46,78,30,5.77,scattered clouds
211,Sakakah,SA,29.9697,40.2064,69.37,22,0,6.22,clear sky
212,Bordighera,IT,43.7806,7.6645,67.6,88,13,1.01,few clouds
213,Porto-Vecchio,FR,41.591,9.2795,60.33,93,0,3.44,clear sky
214,Sakaraha,MG,-22.9,44.5333,58.66,97,3,3.13,clear sky
215,Longyearbyen,SJ,78.2186,15.6401,17.44,67,20,4.61,few clouds
216,Hamilton,US,39.1834,-84.5333,79.65,69,40,4.61,scattered clouds
217,Namibe,AO,-15.1961,12.1522,72.52,66,73,9.51,broken clouds
218,Shache,CN,38.4167,77.2406,70.95,20,5,7.58,clear sky
219,Saint-Augustin,CA,51.226,-58.6502,48.09,60,16,13.06,few clouds
220,Zabid,YE,14.1951,43.3152,83.61,68,0,2.93,clear sky
221,Watsa,CD,3.0372,29.5355,63.3,87,2,3.2,clear sky
222,Jurado,CO,7.1053,-77.7641,78.26,89,85,2.3,overcast clouds
223,Camacha,PT,33.0833,-16.3333,62.02,88,40,11.5,scattered clouds
224,Praia Da Vitoria,PT,38.7333,-27.0667,62.76,100,75,14.85,light intensity drizzle rain
225,Nouadhibou,MR,20.931,-17.0347,71.58,83,75,14.97,broken clouds
226,Narsaq,GL,60.9167,-46.05,35.31,87,100,4.54,overcast clouds
227,Kanniyakumari,IN,8.0833,77.5667,81.91,80,75,22.1,broken clouds
228,Turukhansk,RU,65.8167,87.9833,34.93,100,100,7.63,overcast clouds
229,Pavlodar,KZ,52.3,76.95,46.2,36,0,11.18,clear sky
230,Sokoni,TZ,-6.4333,39.55,81.23,70,1,17.45,clear sky
231,Neyshabur,IR,36.2133,58.7958,60.35,58,0,3.44,clear sky
232,Galatista,GR,40.4667,23.2833,57.85,68,47,3.11,scattered clouds
233,Alta Floresta,BR,-9.8756,-56.0861,74.28,76,27,3.56,scattered clouds
234,Wadi Musa,JO,30.3222,35.4793,56.79,31,2,2.46,clear sky
235,Taoudenni,ML,22.6783,-3.9836,89.08,8,5,7.63,clear sky
236,Kjopsvik,NO,68.097,16.3742,44.17,92,100,4.41,light rain
237,Leh,IN,34.1667,77.5833,46.67,43,4,4.16,clear sky
238,Sistranda,NO,63.7256,8.834,46.36,83,100,17.07,overcast clouds
239,Tzaneen,ZA,-23.8332,30.1635,58.06,82,2,3.51,clear sky
240,Polazna,RU,58.2946,56.4055,58.39,82,100,11.23,overcast clouds
241,Andreapol,RU,56.6513,32.2664,37.62,78,9,3.56,clear sky
242,Ati,TD,13.2154,18.3353,89.92,32,96,5.48,overcast clouds
243,Abalak,RU,58.1286,68.5944,53.74,46,100,11.59,overcast clouds
244,Mbandaka,CD,0.0487,18.2603,72.36,97,100,1.61,light rain
245,Marsaxlokk,MT,35.8419,14.5431,61.09,81,0,7.76,clear sky
246,Taft,IR,31.7471,54.2088,60.75,20,0,6.91,clear sky
247,Pauini,BR,-7.7136,-66.9764,75.9,91,100,1.07,moderate rain
248,Westport,US,41.1415,-73.3579,62.89,52,0,11.5,clear sky
249,Buraydah,SA,26.326,43.975,79.25,15,0,13.38,clear sky
250,Hun,LY,29.1268,15.9477,64.96,54,20,12.37,few clouds
251,Marsh Harbour,BS,26.5412,-77.0636,73.78,60,98,17.09,overcast clouds
252,Locri,IT,38.2414,16.2623,62.31,75,11,9.66,few clouds
253,Wagar,SD,16.1525,36.2032,84.06,17,10,16.37,clear sky
254,Santa Isabel,BR,-23.3156,-46.2214,63.7,91,39,0.96,scattered clouds
255,Adrar,MR,20.5022,-10.0711,84.29,10,10,7.81,clear sky
256,Chabahar,IR,25.2919,60.643,80.98,75,0,8.14,clear sky
257,Bayshore Gardens,US,27.4253,-82.5904,79.99,50,0,15.03,clear sky
258,San Rafael,AR,-34.6177,-68.3301,59.41,39,100,11.36,overcast clouds
259,Paulo Afonso,BR,-9.4061,-38.2147,72.64,83,52,7.18,broken clouds
260,Sinjar,IQ,36.3209,41.8754,62.24,47,0,6.46,clear sky
261,Mazyr,BY,52.0495,29.2456,41.25,72,3,4.97,clear sky
262,Colesberg,ZA,-30.72,25.0972,52.57,49,95,6.6,overcast clouds
263,Sao Jose Da Coroa Grande,BR,-8.8978,-35.1478,76.46,83,50,4.59,scattered clouds
264,Beruwala,LK,6.4788,79.9828,82.02,84,100,19.39,overcast clouds
265,Lodja,CD,-3.4833,23.4333,72.27,79,100,1.72,overcast clouds
266,Parabel,RU,58.6978,81.4825,47.93,47,22,7.2,few clouds
267,Mattru,SL,7.6244,-11.8332,77.4,93,83,0.13,broken clouds
268,Les Cayes,HT,18.2,-73.75,76.57,85,2,4.18,clear sky
269,Sayyan,YE,15.1718,44.3244,62.38,32,0,9.35,clear sky
270,Ponta Delgada,PT,37.7333,-25.6667,66.51,77,75,5.75,broken clouds
271,Pasni,PK,25.2631,63.471,82.87,55,0,8.25,clear sky
272,Shieli,KZ,44.1667,66.75,59.97,53,8,5.57,clear sky
273,Pinega,RU,64.7001,43.3936,35.69,86,85,6.6,overcast clouds
274,Riccione,IT,44.0051,12.6447,67.08,78,4,3.44,clear sky
275,Somerset,US,40.5668,-74.5496,65.23,44,100,3.44,overcast clouds
276,Itarema,BR,-2.9248,-39.9167,76.48,84,100,5.14,overcast clouds
277,Xuddur,SO,4.1213,43.8894,73.29,84,85,13.56,overcast clouds
278,Modakeke,NG,7.3833,4.2667,73.24,100,81,2.37,broken clouds
279,Dzilam Gonzalez,MX,21.2833,-88.9333,79.72,75,0,11.12,clear sky
280,Maceio,BR,-9.6658,-35.7353,74.64,88,20,2.3,few clouds
281,Zanzibar,TZ,-6.1639,39.1979,76.68,82,1,9.15,clear sky
282,Coihaique,CL,-45.5752,-72.0662,42.75,81,0,8.05,clear sky
283,Upington,ZA,-28.4478,21.2561,50.38,50,0,5.75,clear sky
284,Tombouctou,ML,20.0,-3.0,83.64,10,0,12.46,clear sky
285,Silopi,TR,37.2497,42.4694,55.87,55,0,3.78,clear sky
286,Mangan,IN,27.5167,88.5333,74.05,75,28,2.21,scattered clouds
287,Kralendijk,BQ,12.15,-68.2667,80.58,78,40,18.41,scattered clouds
288,Hobyo,SO,5.3505,48.5268,82.09,74,100,16.15,overcast clouds
289,Caravelas,BR,-17.7125,-39.2481,71.65,82,85,3.4,overcast clouds
290,Janesville,US,42.6828,-89.0187,87.66,48,100,9.22,overcast clouds
291,Chalus,IR,36.655,51.4204,58.46,94,75,6.91,broken clouds
292,Sfantu Gheorghe,RO,45.8667,25.7833,50.27,92,100,0.96,overcast clouds
293,Marsabit,KE,2.3284,37.9899,64.35,83,5,18.66,clear sky
294,Baijiantan,CN,45.6333,85.1833,71.53,14,100,4.29,overcast clouds
295,Oistins,BB,13.0667,-59.5333,78.89,83,40,16.11,scattered clouds
296,Morbach,DE,49.8167,7.1167,61.12,75,0,11.5,clear sky
297,Bud,US,39.447,-86.1758,84.18,76,67,6.4,broken clouds
298,Cabedelo,BR,-6.9811,-34.8339,77.67,84,43,10.87,scattered clouds
299,Bonavista,CA,48.6499,-53.1147,42.84,74,0,15.23,clear sky
300,Mehamn,NO,71.0357,27.8492,37.31,98,100,19.28,overcast clouds
301,Sept-Iles,CA,50.2001,-66.3821,42.06,78,20,6.91,few clouds
302,Khandbari,NP,27.3747,87.2039,71.82,82,50,1.54,scattered clouds
303,Yar-Sale,RU,66.8333,70.8333,22.42,99,100,7.7,overcast clouds
304,Saint-Francois,FR,46.4154,3.9054,52.68,93,0,0.0,clear sky
305,Totma,RU,59.9747,42.7642,37.2,72,100,7.56,overcast clouds
306,Moshkovo,RU,55.3053,83.6104,36.07,37,0,11.23,clear sky
307,Bella Union,UY,-30.2752,-57.6007,57.11,93,0,6.24,clear sky
308,Chandigarh,IN,30.7343,76.7933,83.52,38,0,4.83,clear sky
309,Orumiyeh,IR,37.5527,45.0761,40.55,100,20,6.91,few clouds
310,Alexandria,EG,31.2156,29.9553,66.16,72,40,5.75,scattered clouds
311,Balykshi,KZ,47.0667,51.8667,39.2,87,1,6.71,mist
312,Tabou,CI,4.423,-7.3528,79.25,86,100,5.59,overcast clouds
313,Phalaborwa,ZA,-23.943,31.1411,61.88,78,4,2.53,clear sky
314,Novovarshavka,RU,54.1721,74.6946,52.02,34,100,13.35,overcast clouds
315,Road Town,VG,18.4167,-64.6167,80.64,83,40,10.36,scattered clouds
316,Oia,PT,40.5426,-8.5386,57.36,81,6,3.78,clear sky
317,Ostrogozhsk,RU,50.8664,39.0756,38.68,96,100,13.13,overcast clouds
318,Manta,EC,-0.95,-80.7333,74.98,83,100,8.05,overcast clouds
319,Tessalit,ML,20.1986,1.0114,82.49,7,0,10.33,clear sky
320,Rabo De Peixe,PT,37.8,-25.5833,65.28,73,75,5.75,broken clouds
321,Plouzane,FR,48.3833,-4.6167,53.78,94,75,6.91,broken clouds
322,Jizan,SA,17.3333,42.6667,85.14,72,2,1.3,clear sky
323,Kavadarci,MK,41.4331,22.0119,51.13,88,14,0.72,few clouds
324,Muros,ES,42.7762,-9.0603,53.1,87,16,3.33,few clouds
325,Harper,LR,4.375,-7.7169,79.5,84,100,5.21,overcast clouds
326,Ilhabela,BR,-23.7781,-45.3581,68.54,84,73,5.32,broken clouds
327,Port Shepstone,ZA,-30.7414,30.455,63.82,78,100,7.7,overcast clouds
328,Padang,ID,-0.9492,100.3543,78.85,78,100,2.24,overcast clouds
329,Severodvinsk,RU,64.5635,39.8302,42.91,81,80,10.07,broken clouds
330,Robertsport,LR,6.7533,-11.3686,81.55,83,100,8.93,overcast clouds
331,Povoa De Varzim,PT,41.3834,-8.7636,60.24,100,100,3.44,overcast clouds
332,Bukama,CD,-9.2,25.85,66.15,74,8,2.17,clear sky
333,Asfi,MA,32.2994,-9.2372,66.88,74,96,4.38,overcast clouds
334,Cockburn Town,TC,21.4612,-71.1419,78.76,78,40,0.0,scattered clouds
335,Bay Roberts,CA,47.5999,-53.2648,47.95,60,6,8.99,clear sky
336,Kisesa,TZ,-3.0833,34.15,65.5,79,86,8.52,overcast clouds
337,Staunton,US,38.1496,-79.0717,62.69,53,0,5.75,clear sky
338,Horni Plana,CZ,48.7674,14.0326,51.58,79,100,2.95,overcast clouds
339,Kontagora,NG,10.3999,5.4695,80.04,65,19,4.27,light rain
340,Isiro,CD,2.7739,27.616,66.33,99,53,2.06,broken clouds
341,Nantucket,US,41.2835,-70.0995,50.0,83,40,28.77,scattered clouds
342,Muzaffargarh,PK,30.0754,71.1921,86.02,13,5,6.13,clear sky
343,Appleton,US,44.2619,-88.4154,82.49,84,100,1.99,overcast clouds
344,Nueve De Julio,AR,-35.4444,-60.8831,60.1,69,98,5.53,overcast clouds
345,Mercedes,AR,-34.6515,-59.4307,56.79,88,6,5.48,clear sky
346,Tekkali,IN,18.6167,84.2333,81.43,83,100,8.03,overcast clouds
347,Yenagoa,NG,4.9247,6.2642,76.91,89,100,1.59,overcast clouds
348,Yurgamysh,RU,55.3714,64.4656,50.83,80,100,15.35,overcast clouds
349,Faya,SA,18.3851,42.4509,68.52,57,60,3.78,light rain
350,Murdochville,CA,48.9583,-65.5006,40.08,63,43,5.68,scattered clouds
351,Gao,ML,16.6362,1.637,85.03,6,100,8.63,overcast clouds
352,Bridlington,GB,54.0831,-0.1919,56.89,73,100,16.62,overcast clouds
353,Srivardhan,IN,18.0333,73.0167,82.02,80,100,7.45,overcast clouds
354,Nola,IT,40.922,14.5329,62.58,91,12,1.41,few clouds
355,South Shields,GB,54.9986,-1.4323,54.32,76,40,10.36,scattered clouds
356,Znamenskoye,RU,57.1281,73.8282,51.85,43,100,9.24,overcast clouds
357,Bulawayo,ZW,-20.15,28.5833,54.88,84,0,5.5,clear sky
358,Nynashamn,SE,58.9034,17.9479,49.15,89,50,18.77,scattered clouds
359,Rio Grande,BR,-32.035,-52.0986,60.94,90,100,3.94,overcast clouds
360,Bucyrus,US,40.8084,-82.9755,65.03,73,12,8.77,few clouds
361,Larsnes,NO,62.2028,5.5773,50.45,85,100,10.0,light rain
362,Madimba,TZ,-10.4,40.3333,71.76,91,26,8.93,scattered clouds
363,Santa Cruz,BO,-17.8,-63.1667,69.26,83,75,4.61,broken clouds
364,Barkot,IN,30.8167,78.2,67.89,57,28,2.91,scattered clouds
365,Borovskoy,KZ,53.8,64.15,52.41,90,100,9.93,light rain
366,Ust-Tsilma,RU,65.441,52.1498,33.31,86,6,3.13,clear sky
367,Kokkola,FI,63.8385,23.1307,48.92,93,100,13.8,light intensity shower rain
368,Sao Francisco De Assis,BR,-29.5503,-55.1311,58.39,91,26,2.1,scattered clouds
369,Ponnani,IN,10.767,75.9252,74.52,82,100,9.86,overcast clouds
370,Jilib,SO,0.4883,42.7854,76.57,92,19,4.94,few clouds
371,Korla,CN,41.7597,86.1469,75.85,23,51,10.83,broken clouds
372,Mogadishu,SO,2.0371,45.3438,81.12,82,45,14.88,scattered clouds
373,Belmonte,BR,-15.8631,-38.8828,73.67,80,77,6.87,broken clouds
374,San Juan De Los Morros,VE,9.9115,-67.3538,76.6,70,44,2.37,scattered clouds
375,Colares,PT,38.7992,-9.4469,65.79,54,34,10.0,scattered clouds
376,Jalu,LY,29.0331,21.5482,68.31,40,100,11.56,overcast clouds
377,Banda Aceh,ID,5.5577,95.3222,83.25,75,92,8.12,overcast clouds
378,Semnan,IR,35.5729,53.3971,63.99,33,0,2.98,clear sky
379,Antalaha,MG,-14.9003,50.2788,72.03,92,98,3.24,overcast clouds
380,Aragarcas,BR,-15.8975,-52.2508,74.84,51,85,3.0,overcast clouds
381,Tikapur,NP,28.5,81.1333,84.18,44,6,4.5,clear sky
382,Hatillo,PR,18.4863,-66.8254,82.11,72,84,1.01,broken clouds
383,Viedma,AR,-40.8135,-62.9967,50.47,81,0,6.46,clear sky
384,Baudh,IN,20.8416,84.3213,82.26,74,100,7.54,overcast clouds
385,Navrongo,GH,10.8956,-1.0921,86.58,49,77,4.88,broken clouds
386,Brae,GB,60.3964,-1.353,47.64,88,100,19.46,light rain
387,Puerto Ayacucho,VE,5.6639,-67.6236,76.86,89,92,4.34,overcast clouds
388,Maykor,RU,59.0059,55.88,49.28,82,100,10.29,light rain
389,Mitsamiouli,KM,-11.3847,43.2844,79.16,68,0,11.65,clear sky
390,Skibbereen,IE,51.55,-9.2667,51.12,92,100,13.8,overcast clouds
391,The Valley,AI,18.217,-63.0578,82.26,80,74,17.47,broken clouds
392,Thohoyandou,ZA,-22.9456,30.485,58.17,80,0,1.61,clear sky
393,Ostrovnoy,RU,68.0531,39.5131,38.17,86,44,16.31,scattered clouds
394,Karabuk,TR,41.2049,32.6277,48.63,84,0,1.1,clear sky
395,Mizan Teferi,ET,6.9833,35.5833,60.96,96,12,2.86,light rain
396,Challapata,BO,-18.9,-66.7667,44.44,22,1,3.74,clear sky
397,Jaisinghnagar,IN,23.7,81.3833,81.7,62,0,12.12,clear sky
398,Chadiza,ZM,-14.0678,32.4392,64.13,70,81,2.71,broken clouds
399,Bathsheba,BB,13.2167,-59.5167,79.41,83,40,16.11,scattered clouds
400,Gouyave,GD,12.1646,-61.7296,79.57,78,20,27.63,few clouds
401,Ancud,CL,-41.8697,-73.8203,47.35,87,100,5.28,overcast clouds
402,Aktash,RU,50.3,87.7333,32.54,43,0,2.37,clear sky
403,Panjakent,TJ,39.4952,67.6093,58.62,84,16,1.92,few clouds
404,Awjilah,LY,29.1081,21.2869,67.41,42,97,10.85,overcast clouds
405,Nguruka,TZ,-5.1092,31.0419,68.47,78,99,2.77,light rain
406,Saint-Pierre,RE,-21.3393,55.4781,71.91,64,0,6.91,clear sky
407,Senneterre,CA,48.3835,-77.2328,63.39,57,0,6.67,clear sky
408,Hofn,IS,64.2539,-15.2082,39.52,60,100,21.07,overcast clouds
409,Loukhi,RU,66.0764,33.0381,43.99,82,100,8.81,overcast clouds
410,Slavutych,UA,51.5196,30.7343,40.01,75,0,6.08,clear sky
411,Palmares Do Sul,BR,-30.2578,-50.5097,62.58,97,100,2.37,light rain
412,Ilheus,BR,-14.7889,-39.0494,75.02,88,75,5.75,broken clouds
413,Obo,CF,5.3998,26.4869,68.31,96,100,3.11,overcast clouds
414,Aswan,EG,24.0934,32.907,83.5,17,0,8.05,clear sky
415,Porto Belo,BR,-27.1578,-48.5531,71.55,90,100,7.31,moderate rain
416,Marrakesh,MA,31.6315,-8.0083,73.47,35,0,4.61,clear sky
417,Chongwe,ZM,-15.3292,28.682,60.6,63,0,2.15,clear sky
418,Kill,IE,52.1761,-7.335,51.73,93,100,16.67,overcast clouds
419,Qeshm,IR,26.9581,56.2719,78.69,78,0,6.53,clear sky
420,Barra,BR,-11.0894,-43.1417,77.9,59,76,6.67,broken clouds
421,Harur,IN,12.0667,78.5,79.61,58,100,10.49,overcast clouds
422,Itigi,TZ,-5.7,34.4833,62.44,81,79,7.52,broken clouds
423,Port Blair,IN,11.6667,92.75,80.64,94,40,2.3,mist
424,Acarau,BR,-2.8856,-40.12,77.29,83,100,5.84,overcast clouds
425,Basoko,CD,1.2391,23.616,72.84,92,100,3.87,overcast clouds
426,Salekhard,RU,66.53,66.6019,22.86,96,99,5.61,overcast clouds
427,Abu Samrah,SY,35.3029,37.1841,59.58,54,0,6.4,clear sky
428,Pitimbu,BR,-7.4706,-34.8086,77.59,82,95,9.71,overcast clouds
429,Carnarvon,AU,-24.8667,113.6333,69.87,94,96,0.0,overcast clouds
430,Kafanchan,NG,9.5833,8.3,70.47,89,12,2.75,few clouds
431,Onega,RU,63.9061,38.1404,39.16,80,99,7.74,overcast clouds
432,Nagapattinam,IN,10.7667,79.8333,84.85,62,100,10.54,overcast clouds
433,Abha,SA,18.2164,42.5053,68.25,46,20,0.0,light rain
434,Naryan-Mar,RU,67.6713,53.087,36.32,88,100,13.91,overcast clouds
435,Banepa,NP,27.6298,85.5214,64.72,94,20,3.44,few clouds
436,Yei,SS,4.095,30.6779,69.1,79,66,2.57,broken clouds
437,Carahue,CL,-38.7,-73.1667,49.78,69,100,0.74,overcast clouds
438,Takoradi,GH,4.8845,-1.7554,80.49,86,100,7.92,overcast clouds
439,Kananga,CD,-5.8958,22.4178,70.02,71,11,2.75,few clouds
440,Leshukonskoye,RU,64.8989,45.7622,34.88,79,52,5.21,broken clouds
441,Krasnoarmeyskiy,RU,47.0114,42.2072,41.29,91,67,9.13,broken clouds
442,Nokia,FI,61.4667,23.5,45.86,82,75,10.36,moderate rain
443,Juba,SS,4.8517,31.5825,73.94,79,100,1.83,overcast clouds
444,Muscat,OM,23.6139,58.5922,82.18,62,0,9.46,clear sky
445,Krasnoselkup,RU,65.7,82.4667,32.41,96,100,3.27,overcast clouds
446,Areosa,PT,41.7178,-8.8571,55.44,88,35,8.23,scattered clouds
447,Caceres,ES,39.522,-6.3748,66.65,48,35,3.74,scattered clouds
448,Monrovia,LR,6.3005,-10.7969,80.35,85,50,7.4,scattered clouds
449,Port-Gentil,GA,-0.7193,8.7815,80.62,84,100,10.04,light rain
450,Angoche,MZ,-16.2325,39.9086,72.77,79,1,7.09,clear sky
451,Dusnok,HU,46.3909,18.963,56.17,77,11,4.34,few clouds
452,Carbonia,IT,39.1672,8.5222,57.85,79,0,2.46,clear sky
453,Gaspe,CA,48.8334,-64.4819,44.82,65,20,5.75,few clouds
454,Arlit,NE,18.7369,7.3853,85.44,16,0,2.86,clear sky
455,Karpathos,GR,35.507,27.2132,60.76,88,1,11.5,clear sky
456,Birjand,IR,32.8663,59.2211,52.27,28,0,9.22,clear sky
457,Tanout,NE,14.9709,8.8879,86.36,38,62,11.54,broken clouds
458,Sainte-Marie,RE,-20.8968,55.5496,72.41,80,0,5.75,clear sky
459,Parrsboro,CA,45.4001,-64.332,54.16,69,53,7.4,broken clouds
460,Pangoa,PE,-12.1167,-73.0,71.2,81,82,2.21,broken clouds
461,Mamlyutka,KZ,54.9375,68.5394,54.86,54,100,16.6,overcast clouds
462,Paamiut,GL,61.994,-49.6678,33.08,100,100,6.04,light snow
463,Pirenopolis,BR,-15.8525,-48.9592,72.09,52,99,4.5,overcast clouds
464,Grahamstown,ZA,-33.3042,26.5328,58.95,76,5,15.08,clear sky
465,Toktogul,KG,41.8708,72.9402,60.69,86,43,1.05,scattered clouds
466,Yining,CN,29.0361,114.5636,67.78,86,91,2.08,overcast clouds
467,Oktyabrskiy,RU,54.4815,53.471,48.72,96,100,4.36,light rain
468,Aliaga,PH,15.5167,120.8667,89.1,46,19,6.8,few clouds
469,Talcahuano,CL,-36.7167,-73.1167,55.08,88,100,3.44,overcast clouds
470,Grand-Santi,GF,4.25,-54.3833,72.25,99,73,2.73,broken clouds
471,Snezhnogorsk,RU,69.1933,33.2531,40.78,93,100,4.63,overcast clouds
472,Liepaja,LV,56.5419,21.0367,57.18,38,0,11.5,clear sky
473,Nador,MA,35.174,-2.9287,64.65,82,0,3.44,clear sky
474,Berea,US,41.3662,-81.8543,67.24,68,7,7.85,clear sky
475,Khorixas,NA,-20.3667,14.9667,65.5,28,0,4.09,clear sky
476,Paita,PE,-5.0892,-81.1144,66.76,79,13,14.81,few clouds
477,Bandundu,CD,-3.3167,17.3667,72.64,96,94,3.8,light rain
478,Pemba,MZ,-12.974,40.5178,72.3,83,0,6.91,clear sky
479,Acopiara,BR,-6.0953,-39.4525,70.74,74,43,0.89,scattered clouds
480,Bhinmal,IN,25.0,72.25,83.01,46,5,4.41,clear sky
481,Kamenka,RU,51.3223,42.7678,36.7,88,100,12.5,overcast clouds
482,Timmins,CA,48.4669,-81.3331,73.22,40,75,13.8,broken clouds
483,Caibarien,CU,22.5206,-79.4669,76.66,72,47,13.47,scattered clouds
484,Felanitx,ES,39.4696,3.1483,59.95,70,65,3.38,broken clouds
485,Shepsi,RU,44.0361,39.1489,51.06,85,19,7.54,few clouds
486,Nirmal,IN,19.1,78.35,87.4,49,100,4.05,overcast clouds
487,Somers,US,42.6403,-87.9104,83.59,70,17,5.99,few clouds
488,Matara,LK,5.9485,80.5353,80.78,86,100,16.73,overcast clouds
489,Olinda,BR,-8.0089,-34.8553,82.13,69,20,8.05,few clouds
490,Aksu,CN,41.1231,80.2644,76.06,24,33,3.74,scattered clouds
491,Aljezur,PT,37.3191,-8.8033,64.24,59,100,4.65,overcast clouds
492,Mocuba,MZ,-16.8392,36.9856,62.94,97,0,1.23,clear sky
493,Manoel Urbano,BR,-8.8389,-69.2597,72.55,99,100,0.94,overcast clouds
494,Pisco,PE,-13.7,-76.2167,64.45,82,100,2.3,overcast clouds
495,Ivaipora,BR,-24.2478,-51.6847,61.16,97,100,1.32,overcast clouds
496,Luanda,AO,-8.8368,13.2343,77.0,88,75,3.44,broken clouds
497,Ngama,TD,11.7833,17.1667,89.33,40,39,6.53,scattered clouds
498,Los Andes,CL,-32.8337,-70.5983,62.01,42,100,1.32,overcast clouds
499,Concepcion Del Uruguay,AR,-32.4825,-58.2372,57.97,87,6,1.99,clear sky
500,Mandera,KE,3.9366,41.867,79.5,71,56,9.91,broken clouds
501,Mpulungu,ZM,-8.7623,31.1141,69.96,74,88,6.55,overcast clouds
502,Buta,CD,2.7858,24.73,70.92,100,100,2.24,overcast clouds
503,Atar,MR,20.5169,-13.0499,87.76,20,5,9.75,clear sky
504,Thinadhoo,MV,0.5333,72.9333,84.54,72,100,17.83,overcast clouds
505,Manaure,CO,11.7751,-72.4445,77.61,87,100,18.48,overcast clouds
506,San Andres,CO,12.5847,-81.7006,82.42,83,20,5.75,few clouds
507,Porto Novo,BJ,6.4965,2.6036,82.22,85,68,5.66,broken clouds
508,Havre-Saint-Pierre,CA,50.2334,-63.5986,44.96,53,0,5.75,clear sky
509,Filadelfia,US,39.9523,-75.1638,65.25,35,100,5.01,overcast clouds
510,Sundsvall,SE,62.3913,17.3063,46.36,93,100,6.91,overcast clouds
511,Kalemie,CD,-5.9475,29.1947,69.53,83,99,2.68,overcast clouds
512,Promyshlennaya,RU,54.9159,85.6385,41.95,40,0,9.46,clear sky
513,Dawlatabad,AF,36.4141,64.9053,66.72,44,0,2.95,clear sky
514,Barranca,PE,-10.75,-77.7667,64.15,81,0,6.89,clear sky
515,Rozhyshche,UA,50.9154,25.2691,44.13,86,98,4.29,overcast clouds
516,Ochamchira,GE,42.7121,41.4721,51.93,84,96,3.06,overcast clouds
517,Mvuma,ZW,-19.2792,30.5283,55.11,84,0,5.84,clear sky
518,Aleksandrow Kujawski,PL,52.8766,18.6935,58.26,70,100,7.49,overcast clouds
519,Floro,NO,61.5996,5.0328,48.16,87,100,19.57,light rain
520,Ngerengere,TZ,-6.75,38.1167,67.84,97,6,3.38,clear sky
521,Moose Factory,CA,51.2585,-80.6094,73.4,40,75,10.36,broken clouds
522,Pyaozerskiy,RU,65.8333,31.1667,44.1,81,100,10.2,light rain
523,Zlobin,HR,45.2924,14.6541,52.63,79,0,3.44,clear sky
524,San Matias,BO,-16.3667,-58.4,77.49,54,51,1.9,broken clouds
525,Chute-Aux-Outardes,CA,49.1168,-68.399,46.38,71,0,6.91,clear sky
526,Mana,GF,5.6592,-53.7767,77.23,87,8,8.79,clear sky
527,Riachao,BR,-7.3619,-46.6172,74.73,67,97,0.76,overcast clouds
528,Urucara,BR,-2.5364,-57.76,73.54,98,93,3.02,overcast clouds
529,Santiago De Chuco,PE,-8.15,-78.1833,51.51,86,65,1.43,broken clouds
530,Antsohihy,MG,-14.8796,47.9875,69.94,95,0,2.75,clear sky
531,Skoczow,PL,49.8009,18.7877,59.47,57,100,6.53,overcast clouds
532,Halifax,CA,44.6453,-63.5724,46.29,53,0,9.22,clear sky
533,Berlevag,NO,70.8578,29.0864,37.35,87,100,14.97,overcast clouds
534,Cossato,IT,45.5739,8.1817,65.89,78,84,3.31,broken clouds
535,Stokmarknes,NO,68.5646,14.9108,40.98,93,100,6.91,overcast clouds
536,Punta De Bombon,PE,-17.1717,-71.7931,64.72,84,0,3.87,clear sky
537,Iracoubo,GF,5.4802,-53.2011,77.07,87,10,9.33,clear sky
538,Qiryat Shemona,IL,33.2073,35.5721,59.11,61,23,2.95,few clouds
539,Susehri,TR,40.1644,38.0867,41.67,78,0,1.81,clear sky
540,Paramonga,PE,-10.6667,-77.8333,64.83,82,2,7.18,clear sky
541,Mangaratiba,BR,-22.9597,-44.0406,70.66,84,5,3.56,clear sky
542,Santa Rosa,PH,14.3122,121.1114,89.11,65,35,8.32,scattered clouds
543,Buenos Aires,AR,-34.6132,-58.3772,62.33,80,100,6.91,overcast clouds
544,Buncrana,IE,55.1333,-7.45,48.85,85,99,16.4,overcast clouds
545,Tigre,AR,-34.426,-58.5796,62.6,84,100,6.91,overcast clouds
546,Abu Dhabi,AE,24.4667,54.3667,80.62,68,0,6.91,clear sky
547,South River,US,40.4465,-74.386,66.09,48,24,3.0,few clouds
548,Khetia,IN,21.6667,74.5833,86.9,39,13,7.0,few clouds
549,Coracora,PE,-15.0333,-73.7833,47.86,54,0,4.25,clear sky
550,Mali,GN,12.079,-12.2982,73.22,32,6,3.71,clear sky
551,Dunda,TZ,-8.1167,34.25,60.01,85,4,3.71,clear sky
552,Morant Bay,JM,17.8815,-76.4093,77.7,85,5,8.46,clear sky
553,Maragogi,BR,-9.0122,-35.2225,75.74,85,68,3.83,broken clouds
554,Tinqueux,FR,49.25,3.9833,51.82,87,0,2.3,clear sky
555,Santa Luzia,BR,-19.7697,-43.8514,66.54,66,0,8.05,clear sky
556,Am Timan,TD,11.0297,20.2827,88.57,29,100,4.61,overcast clouds
557,Mwense,ZM,-10.3845,28.698,62.13,68,97,4.94,overcast clouds
558,Saint Augustine,US,29.8947,-81.3145,72.03,70,0,11.3,clear sky
559,Dudinka,RU,69.4058,86.1778,22.62,91,29,11.23,scattered clouds
560,Gewane,ET,10.1664,40.6453,80.94,46,0,5.08,light rain
561,Rorvik,NO,64.8621,11.2373,45.34,88,99,13.58,overcast clouds
562,Vryburg,ZA,-26.9566,24.7284,54.07,44,100,4.7,overcast clouds
563,Maxixe,MZ,-23.8597,35.3472,64.96,91,0,4.88,clear sky
564,Port Said,EG,31.2565,32.2841,67.98,72,100,7.38,overcast clouds
565,Mosterhamn,NO,59.7,5.3833,48.27,91,90,13.94,overcast clouds
566,Trairi,BR,-3.2778,-39.2689,75.27,86,100,2.68,overcast clouds
567,Songea,TZ,-10.6833,35.65,57.52,92,0,0.36,clear sky
568,Sines,PT,37.9562,-8.8698,65.28,56,86,2.98,overcast clouds
569,Charlottesville,US,38.0293,-78.4767,63.41,64,4,5.21,clear sky
570,Fereydun Kenar,IR,36.6864,52.5225,61.32,75,7,3.24,clear sky
571,Mathathane,BW,-22.2687,28.7495,62.31,67,0,6.38,clear sky
572,Aranos,NA,-24.1333,19.1167,57.54,30,100,5.37,overcast clouds
573,Shenkursk,RU,62.1091,42.896,34.27,71,86,0.85,overcast clouds
574,Aravankadu,IN,11.3667,76.7667,55.62,75,100,4.32,light rain
575,Santa Isabel Do Rio Negro,BR,-0.4139,-65.0192,74.88,97,100,2.62,overcast clouds
576,Pereslavl-Zalesskiy,RU,56.7393,38.8563,41.79,67,100,10.42,overcast clouds
577,Santa Maria,BR,-29.6842,-53.8069,61.9,100,40,2.3,mist
578,Catumbela,AO,-12.4314,13.5472,76.08,84,31,0.98,scattered clouds
579,Umm Lajj,SA,25.0213,37.2685,81.14,40,76,11.1,broken clouds
580,Birao,CF,10.2849,22.7882,82.83,41,100,4.34,overcast clouds
581,Inyonga,TZ,-6.7167,32.0667,67.06,75,82,4.0,broken clouds
582,Walvis Bay,NA,-22.9575,14.5053,66.51,47,99,10.8,overcast clouds
583,Bluefield,US,37.2698,-81.2223,65.16,61,4,2.48,clear sky
584,Youkounkoun,GN,12.5333,-13.1333,86.11,42,16,8.88,few clouds
585,Sabirabad,AZ,40.0095,48.4752,54.55,95,100,2.93,moderate rain
586,Surovikino,RU,48.6078,42.8486,37.9,88,90,9.55,light rain
587,Nuuk,GL,64.1835,-51.7216,32.61,93,100,8.01,light snow
588,Morondava,MG,-20.2833,44.2833,69.3,78,0,8.84,clear sky
589,Cambridge,CA,43.3601,-80.3127,63.59,32,0,11.5,clear sky
590,Coruripe,BR,-10.1256,-36.1756,75.65,84,44,4.59,scattered clouds
591,Santa Cruz Cabralia,BR,-16.2781,-39.0247,73.44,78,19,5.35,few clouds
592,Sao Joao Da Barra,BR,-21.6403,-41.0511,68.85,92,4,7.38,clear sky
593,Uglich,RU,57.5275,38.3317,40.23,66,100,9.55,overcast clouds
594,Tocopilla,CL,-22.092,-70.1979,63.18,74,10,0.74,clear sky
595,Bindura,ZW,-17.3019,31.3306,60.21,74,53,1.39,broken clouds
596,Presidencia Roque Saenz Pena,AR,-26.7852,-60.4388,65.91,73,100,3.42,overcast clouds
597,Qunduz,AF,36.729,68.857,67.3,60,28,6.98,scattered clouds
598,Kasongo-Lunda,CD,-6.4667,16.8167,71.74,93,38,2.24,light rain
599,Wallasey,GB,53.4232,-3.065,55.83,72,75,13.8,broken clouds
600,Reims,FR,49.1667,4.0833,57.94,87,0,2.3,clear sky
601,Areia Branca,BR,-4.9561,-37.1369,78.42,76,100,2.75,heavy intensity rain
602,Kristiansund,NO,63.1115,7.732,48.25,81,100,0.0,overcast clouds
603,Zolotkovo,RU,55.5281,41.1053,42.17,94,100,13.15,light rain
604,Foumbot,CM,5.5079,10.6356,65.68,94,100,2.73,light rain
605,Tazovskiy,RU,67.4667,78.7,21.33,89,100,6.49,overcast clouds
606,Ugoofaaru,MV,5.6667,73.0,83.66,77,100,18.12,light rain
607,Carballo,ES,43.213,-8.691,55.87,91,16,2.64,few clouds
608,Pocone,BR,-16.2567,-56.6228,75.88,46,72,0.85,broken clouds
609,Porto San Giorgio,IT,43.1827,13.7934,63.0,76,5,6.93,clear sky
610,Nacala,MZ,-14.5428,40.6728,67.62,94,13,7.63,few clouds
611,Horki,BY,54.2861,30.9842,38.37,74,82,5.86,broken clouds
612,Bajil,YE,15.0584,43.2851,86.38,61,0,3.56,clear sky
613,Kamarion,GR,36.8,25.8167,58.39,67,5,12.08,clear sky
614,Girne,CY,35.3417,33.3167,62.15,76,0,12.24,clear sky
615,Mezen,RU,65.8522,44.24,37.4,87,96,9.04,overcast clouds
616,Troitsko-Pechorsk,RU,62.7084,56.1964,40.24,91,100,5.46,overcast clouds
617,Teguise,ES,29.0605,-13.564,66.42,88,0,3.44,clear sky
618,Lahij,YE,13.1667,44.5833,79.95,58,1,3.09,clear sky
619,Port Victoria,KE,0.0939,33.9756,68.47,84,45,5.1,light rain
620,Valparaiso,CL,-33.0393,-71.6273,57.47,87,75,4.61,mist
621,Saint-Georges,GD,12.0564,-61.7485,79.2,75,18,15.57,few clouds
622,Marsa Matruh,EG,31.3525,27.2453,63.05,73,100,5.17,overcast clouds
623,Sao Gabriel Da Cachoeira,BR,-0.1303,-67.0892,74.37,97,99,2.62,heavy intensity rain
624,Asosa,ET,10.0667,34.5333,65.3,77,17,7.87,light rain
625,Zhezkazgan,KZ,47.8043,67.7144,50.7,80,8,8.08,clear sky
626,Clacton-On-Sea,GB,51.7897,1.156,57.15,79,100,4.0,overcast clouds
627,Kilindoni,TZ,-7.9139,39.6668,80.69,70,0,18.16,clear sky
628,Rawson,AR,-43.3002,-65.1023,51.76,72,0,8.19,clear sky
629,Ormond Beach,US,29.2858,-81.0559,72.01,66,0,13.65,clear sky
630,Buritis,BR,-15.6178,-46.4233,66.42,56,4,1.61,clear sky
631,Sinazongwe,ZM,-17.2614,27.4618,68.77,51,0,5.39,clear sky
632,Puerto Carreno,CO,6.189,-67.4859,79.12,84,92,4.74,overcast clouds
633,Iquique,CL,-20.2208,-70.1431,62.64,78,19,0.49,few clouds
634,Porto Seguro,BR,-16.4497,-39.0647,72.12,88,20,1.14,few clouds
635,Brasilia,BR,-15.7797,-47.9297,67.12,64,0,2.3,clear sky
636,Pailitas,CO,8.9565,-73.6255,76.3,92,100,2.1,overcast clouds
637,La Rioja,ES,42.25,-2.5,49.78,54,27,8.05,scattered clouds
638,Tignere,CM,7.3667,12.65,66.07,96,100,2.89,overcast clouds
639,Uray,RU,60.1247,64.7758,53.38,62,100,8.57,overcast clouds
640,Jonkoping,SE,57.7814,14.1562,51.39,93,100,9.22,overcast clouds
641,Palafrugell,ES,41.9174,3.1631,62.35,52,61,10.51,broken clouds
642,Melfi,IT,40.9965,15.6514,49.5,77,89,5.57,overcast clouds
643,Piranshahr,IR,36.701,45.1413,43.2,78,2,0.89,clear sky
644,Soanierana Ivongo,MG,-16.9167,49.5833,70.95,87,0,4.41,clear sky
645,Jaru,BR,-10.4389,-62.4664,74.41,90,67,1.66,broken clouds
646,Maloy,NO,61.9353,5.1136,47.93,90,100,18.28,light rain
647,Muisne,EC,0.6,-80.0333,75.07,85,50,8.97,scattered clouds
648,Shahreza,IR,32.0339,51.8794,56.91,29,0,4.05,clear sky
649,Sorland,NO,67.667,12.6934,44.46,95,100,17.67,overcast clouds
650,Garmsar,IR,35.2182,52.3409,68.25,29,12,4.03,few clouds
651,Brigantine,US,39.4101,-74.3646,58.19,62,100,24.61,overcast clouds
652,Ambilobe,MG,-13.2,49.05,71.55,96,47,2.1,scattered clouds
653,Bumba,CD,2.1833,22.4667,71.1,97,100,1.86,overcast clouds
654,Letterkenny,IE,54.95,-7.7333,49.05,85,100,13.11,overcast clouds
655,Hauterive,FR,46.0901,3.4459,61.56,79,48,4.94,scattered clouds
656,Chitral,PK,35.8462,71.7858,68.47,49,4,2.8,clear sky
657,Dire,ML,12.2833,-10.9667,86.02,23,12,1.77,few clouds
658,South Venice,US,27.0531,-82.4243,79.0,46,0,8.05,clear sky
659,Becerril,CO,9.7041,-73.2793,76.93,93,100,2.8,overcast clouds
660,Campoverde,PE,-8.4753,-74.8058,80.85,62,83,1.43,broken clouds
661,Bagaciu,RO,46.2667,24.3667,44.15,91,78,1.39,broken clouds
662,Rundu,NA,-17.9333,19.7667,55.42,31,0,3.24,clear sky
663,Visnes,NO,59.3556,5.2242,49.21,87,75,13.8,broken clouds
664,Kishi,NG,9.0833,3.85,76.75,87,93,6.53,overcast clouds
665,Piombino,IT,42.9348,10.5221,62.44,83,0,5.01,clear sky
666,Saint Andrews,US,34.0454,-81.1293,73.13,47,0,5.75,clear sky
667,Oranjemund,NA,-28.55,16.4333,52.39,86,1,5.91,clear sky
668,Omboue,GA,-1.5746,9.2618,77.61,91,100,4.99,light rain
669,Grindavik,IS,63.8424,-22.4338,37.87,75,75,17.27,broken clouds
670,Mukhtolovo,RU,55.4644,43.1953,43.47,96,100,13.38,light rain
671,Horw,CH,47.0169,8.3096,58.68,90,75,3.44,broken clouds
672,Nosy Varika,MG,-20.5833,48.5333,66.43,81,0,5.06,clear sky
673,Azul,AR,-36.777,-59.8585,57.34,90,90,5.95,overcast clouds
674,New Richmond,US,45.123,-92.5366,78.48,31,75,5.75,broken clouds
675,Shelburne,CA,44.0787,-80.2041,51.67,65,41,8.14,scattered clouds
676,Nchelenge,ZM,-9.3451,28.734,64.33,66,100,5.88,overcast clouds
677,Illela,NG,13.7292,5.2975,86.97,43,100,7.02,overcast clouds
678,Kasane,BW,-17.8167,25.15,57.16,41,0,3.8,clear sky
679,Parrita,CR,9.5201,-84.3225,79.74,85,100,6.42,overcast clouds
680,Ossipee,US,43.6854,-71.1167,50.52,58,0,3.02,clear sky
681,Bosaso,SO,11.2842,49.1816,82.67,70,4,4.63,clear sky
682,Severnyy,RU,50.677,36.5532,41.04,52,0,6.71,clear sky
683,Peyima,SL,8.7,-11.0333,70.86,90,39,2.42,scattered clouds
684,Carbondale,US,37.7273,-89.2168,82.4,71,0,10.36,clear sky
685,Januaria,BR,-15.4833,-44.3667,65.52,47,93,0.56,light rain
686,Kyrnasivka,UA,48.5955,28.979,46.63,65,100,4.74,overcast clouds
687,Cherepanovo,RU,54.2222,83.381,41.5,40,0,10.02,clear sky
688,Awbari,LY,26.5921,12.7805,71.8,19,20,9.53,few clouds
689,Sao Lourenco Do Sul,BR,-31.3653,-51.9783,61.56,93,100,2.51,light rain
690,Benghazi,LY,32.1167,20.0667,62.78,73,7,7.99,clear sky
691,Podgornoye,RU,51.735,39.1496,39.42,93,100,15.66,light rain
692,Freistadt,AT,48.511,14.5045,52.38,82,100,1.05,overcast clouds
693,Sao Miguel Do Araguaia,BR,-13.275,-50.1628,76.69,48,66,1.36,broken clouds
694,Krasnoshchekovo,RU,51.6708,82.7289,46.31,45,43,11.68,scattered clouds
695,Norrkoping,SE,58.5942,16.1826,50.43,90,75,12.66,broken clouds
696,Ladario,BR,-19.0047,-57.6017,74.23,74,100,5.99,overcast clouds
697,Karaton,ID,-6.3424,106.1045,81.46,84,32,2.21,scattered clouds
698,Macaubas,BR,-13.0194,-42.6986,71.42,61,92,2.66,overcast clouds
699,Wladyslawowo,PL,54.7909,18.4009,63.95,64,100,12.88,overcast clouds
700,Limon,CR,10.0,-83.0333,80.73,76,100,2.57,overcast clouds
701,Rio Tercero,AR,-32.173,-64.1141,64.8,53,100,3.76,overcast clouds
702,Beloha,MG,-25.1667,45.05,63.0,92,15,3.13,few clouds
703,Occhiobello,IT,44.9207,11.5802,62.96,76,11,3.67,few clouds
704,Vigrestad,NO,58.5667,5.7,48.96,93,19,9.53,few clouds
705,Vigeland,NO,58.0844,7.305,50.09,87,35,9.37,scattered clouds
706,Bithur,IN,26.6333,80.2833,89.19,36,0,6.64,clear sky
707,Mulchen,CL,-37.7167,-72.2333,53.98,70,100,2.68,overcast clouds
708,Araouane,ML,18.9048,-3.5265,82.56,8,0,11.14,clear sky
709,Barcelos,PT,41.5388,-8.6151,59.92,80,41,3.2,scattered clouds
710,Soltsy,RU,58.1239,30.3238,40.17,74,11,5.23,few clouds
711,Charyshskoye,RU,51.3978,83.5598,47.44,47,40,4.85,scattered clouds
712,Caernarfon,GB,53.1413,-4.2702,55.62,45,75,21.99,moderate rain
713,Cacoal,BR,-11.4386,-61.4472,76.44,87,100,1.39,overcast clouds
714,Kurchum,KZ,48.5722,83.6542,58.24,37,100,8.32,overcast clouds
715,Hammerfest,NO,70.6634,23.6821,36.05,93,75,8.05,broken clouds
716,Mikhaylovka,RU,50.06,43.2379,35.71,85,14,10.27,few clouds
717,Cape Coast,GH,5.1053,-1.2466,80.56,87,100,9.31,light rain
718,Albany,US,42.6001,-73.9662,66.61,49,0,6.08,clear sky
719,General Jose Eduvigis Diaz,PY,-27.1667,-58.4167,60.1,87,0,4.7,clear sky
720,Itaocara,BR,-21.6692,-42.0761,64.63,92,11,1.59,few clouds
